1;João Silva;joao.silva@empresa.com;1000,00;2;true
2;Maria Santos;maria.santos@empresa.com;1200,00;3;false
3;Carlos Oliveira;carlos.oliveira@empresa.com;1300,00;0;true
4;Ana Pereira;ana.pereira@empresa.com;1100,00;1;false
5;Pedro Fernandes;pedro.fernandes@empresa.com;1050,00;4;true
6;Sara Rodrigues;sara.rodrigues@empresa.com;1250,00;2;false
7;Antônio Costa;antonio.costa@empresa.com;1400,00;0;true
8;Isabel Almeida;isabel.almeida@empresa.com;1150,00;3;false
9;Rafael Santos;rafael.santos@empresa.com;1350,00;2;true
10;Marta Lima;marta.lima@empresa.com;1250,00;1;false
